{
  "timestamp": "2026-04-09 22:27:14",
  "python_version": "3.12.13 (main, Apr  7 2026, 20:45:25) [Clang 22.1.1 ]",
  "benchmarks": {
    "imports": {
      "p50": 0.0005644999419018859,
      "p95": 1626.248773999805,
      "p99": 1626.248773999805,
      "mean": 162.62645469998915,
      "samples": 10
    },
    "event_bus": {
      "error": "'str' object has no attribute 'event_type'",
      "samples": 50
    },
    "checkpoint": {
      "error": "CheckpointManager.save() missing 1 required positional argument: 'data'",
      "samples": 30
    },
    "config": {
      "p50": 258.24279999994815,
      "p95": 270.14740799995707,
      "p99": 270.14740799995707,
      "samples": 20
    },
    "validation": {
      "error": "'TieredValidator' object has no attribute 'validate'",
      "samples": 20
    }
  },
  "summary": {
    "aggregate_p50_ms": 129.12168224994502,
    "aggregate_p95_ms": 258.24279999994815,
    "aggregate_p99_ms": 258.24279999994815,
    "peak_memory_mb": 0
  },
  "gates": {
    "p50_latency": {
      "value": 129.12168224994502,
      "target": 200,
      "unit": "ms",
      "pass": true
    },
    "p95_latency": {
      "value": 258.24279999994815,
      "target": 500,
      "unit": "ms",
      "pass": true
    },
    "p99_latency": {
      "value": 258.24279999994815,
      "target": 1000,
      "unit": "ms",
      "pass": true
    },
    "memory_footprint": {
      "value": 0,
      "target": 512,
      "unit": "MB",
      "pass": true
    }
  },
  "overall_pass": true
}